{"estado_civil":{"0":"Casado (a)","1":"Divorciado (a)","2":"Outro","3":"Solteiro (a)","4":"Viuvo (a)"},"quantidade":{"0":309,"1":72,"2":11,"3":1174,"4":15},"percentual_do_total":{"0":19.5445920304,"1":4.5540796964,"2":0.6957621758,"3":74.256799494,"4":0.9487666034}}